SCurveDry_ID,voledSoil_Counter,voledSuction,voledWater_Content,voledSuction_psf
"{02F62BA7-DCF8-49DF-917BBFA2B34E001D}","750847392",3,14.14,62.654942
"{0327F7DB-4C87-485C-8A7700C882E8B1AE}","152411036",1400,10.64,29238.973
"{06C8E17D-C43F-4389-8F58216BA048A07C}","395404285",9.7799997,9.7799997,204.2551
"{07D566C8-BDEA-4A88-9CBA42E8242654D4}","824500348",200,5.9899998,4176.9961
"{07D7724B-022A-461C-AAAD592E0AC64DF3}","629152350",300,20.200001,6265.4941
"{07E6325C-37F2-4B6D-A2145FD822BB5DA5}","518605761",100,18.620001,2088.498
"{08ED064A-97FF-48FF-A2ED6D52EC55049D}","653029547",500.25,21.360001,10447.711
"{0C5C3442-78C3-463F-AB9B8CCA6B965AB2}","783668782",100,38.09,2088.498
"{0CB347E9-1382-452B-81B8C87DD9AA6750}","699568165",50,35.98,1044.249
"{0D2C1386-9B0D-4858-B8F8E895C29F770E}","410325474",50,17.5,1044.249
"{0DD1EC8A-9E4A-49F7-819950A89C089711}","765086968",300,11.99,6265.4941
"{10541E54-57D8-4F95-89BAF210388F809E}","741566816",100,5,2088.498
"{111A5750-C2F6-4731-9E6FB25438B2F548}","365380340",19.93,34.759998,416.23767
"{131CC5C9-7AC6-47C2-B97DC3A786088A6E}","629152350",1400,9.4899998,29238.973
"{138E5EAB-7729-4658-8F08C77E25A757DD}","819612185",1400,14.92,29238.973
"{14A5EC03-261D-4F38-9AA0EDF343CA6CC2}","750847392",8.46,9.5100002,176.68694
"{14F6268E-C072-466A-82D68490435F4B7F}","765086968",3.75,26,78.318672
"{159BD2FF-458F-4D5E-AFA66243197B5A7B}","987270461",9.6899996,12.55,202.37544
"{16CF830B-C8B6-4610-BF8BC9A27049FFC8}","626855055",300,9,6265.4941
"{16F72580-CD2A-4A90-85D2ABCEDAEE581F}","979457961",40,10.74,835.39923
"{1825C8F6-CA12-4F6D-82D855519E8C0168}","514723883",300,18.08,6265.4941
"{19668D06-098C-4117-906FE648A80CE2C3}","626855055",100,10.49,2088.498
"{19F2F850-485F-42DA-8ADF4FD2019B9535}","285334269",9.6400003,10.91,201.33122
"{1ADA799F-FB0B-47C3-919EAD5550DE5BF6}","741566816",3,12.8,62.654942
"{1AEC6770-8FC0-4212-9E21E514E8056963}","750847392",100,4.6900001,2088.498
"{1DAE1E8E-6899-4B3B-8B086EED0E74592E}","752284473",4.2399998,12.82,88.552315
"{1DF80728-BD6E-4181-B443B1DFBB2E74AF}","857090102",200,15.13,4176.9961
"{1E871A72-69BA-48F9-B5BE482AF243D009}","452089574",200,21.030001,4176.9961
"{1ED98BC6-EE50-40B4-B1730D0B97634A10}","810840659",30,9.7799997,626.54938
"{1F9488F4-36A7-45C4-A53906B57608CE4D}","987431261",29.67,9.7399998,619.65735
"{207BB97F-29A3-4917-835815BDA5A5D65C}","227495193",1400,14.79,29238.973
"{20A56271-C6C5-4635-9A47601F6C2CC26B}","518605761",20,19.51,417.69962
"{21A8B077-B8A6-404F-AB53FD52761E7787}","819612185",50,20.620001,1044.249
"{21C1F717-6E58-4FCC-A1ACB778539F4E56}","948157787",500,16.4,10442.49
"{220BCA1C-57D0-47AF-9A400E1F7A311006}","850845972",50,25.08,1044.249
"{229C3426-D830-464D-96BC683A57E9373B}","141837967",2.9200001,13.4,60.984142
"{22E4D8DD-660E-45D0-9F0698B02DB0F73F}","442379633",3.26,11.49,68.085037
"{22EE3AE4-B57A-4224-8BEEA2B576B723F3}","366920736",10,4.4299998,208.84981
"{240E2CFE-9FA1-409B-A082D844DB94767C}","280446105",300,4.3099999,6265.4941
"{25735C9F-A719-442E-A094D914BB5C0DFD}","374098777",3.3099999,18.58,69.12928
"{25EDCB28-45DB-4EFB-9B34AD0609E27406}","987270461",3.01,14.74,62.863789
"{260FF9F6-ABCA-44F6-ABBAB9A2B20A84C9}","662774880",200,26.790001,4176.9961
"{27FB3B84-030A-4827-ABF85EC99BFF1A22}","164222028",3,12.71,62.654942
"{2814E9D8-7D8D-4BA9-99C95D5A70F16173}","870110935",500.25,18.4,10447.711
"{2B24C192-6E85-4589-A2380ED43361DF19}","442379633",8.5699997,9.5799999,178.98427
"{2BD98099-38E2-4885-BBD8EA306E450155}","724385208",4.9099998,13.16,102.54525
"{2E3859A1-D80A-4035-B08FADCFF7E1725B}","190952724",1400,11.18,29238.973
"{2FE283B9-FD60-465A-BA16507949D7AC4A}","850845972",200,23.43,4176.9961
"{3160E395-8484-407A-B59C31A129088D67}","549106279",3.96,19.280001,82.704521
"{31D62791-519E-4A0D-9B4F2B008FC99B88}","227495193",500,17.16,10442.49
"{3344EC6C-8B55-471B-B68C13F96A91DD76}","715172502",690,20.98,14410.637
"{33626643-5454-4F4D-A02A9BB74AD7EC87}","164222028",10,7.2399998,208.84981
"{3382C19C-CEB5-49E2-A21B6B6A89140768}","965839544",1400,18.950001,29238.973
"{340A1ABC-B1ED-4B8C-9665EACDC2A81A30}","824500348",2,21.549999,41.769958
"{341213C6-2300-403A-B37B3B53A60DABA5}","881977981",20,12.38,417.69962
"{35566FA1-0D6A-4611-B474B2E841E8447B}","555005126",100,20.059999,2088.498
"{357AEF11-3FBA-4C16-B3ED153D2AFA461F}","152411036",300.14999,12.18,6268.6265
"{36E8E621-B667-437B-980AF6AB8DCC82A4}","448762416",50,31.950001,1044.249
"{372E9559-8F86-427A-A33E1190A1D886D3}","948157787",1400,13.69,29238.973
"{3B01DFE1-A6D3-4CA7-A54A9BA47C287311}","875947793",100,4.6900001,2088.498
"{3B39FA4E-886D-483B-94CA596E88CB05CC}","253499984",50,31.59,1044.249
"{3DD16C7A-5580-49E5-9FF7FB1887DF9937}","285334269",2.8199999,12,58.895641
"{3DEE47C0-6D3F-4624-AFB11F07FE416505}","493713484",100,12.21,2088.498
"{3E3C71E4-7FC5-475E-9E4152872DDEDBC1}","965839544",50,24.059999,1044.249
"{3FB9AE0C-98F8-4455-B46CC948980AFF2D}","745177268",500.25,24.27,10447.711
"{406DAF35-412C-4FE5-82B50D5B2D4428D8}","549106279",200,11.66,4176.9961
"{40BEFAF0-C0F4-4D82-A7F76BB2801550E0}","819612185",300,17.65,6265.4941
"{40F1867E-A0CD-4AF7-B7F60BD08F6B7878}","366407288",100,16.02,2088.498
"{413D0A4E-5F85-4998-A16A206C2640928E}","366920736",2,13.14,41.769958
"{41F808FD-CBF8-413B-B7821B62E8AF841B}","549106279",30,15.88,626.54938
"{428B70F4-06C3-41D1-8265F5A9A2C36082}","857090102",600,12.97,12530.988
"{428DE067-FA9A-49B9-B5103672F13C8A64}","449839485",300,6.8600001,6265.4941
"{4353BECF-AB65-4618-81998E85F971CAC1}","374098777",100,10.44,2088.498
"{43A09B70-7877-43F7-86AE70C318F1B330}","560393439",200,23.01,4176.9961
"{45BA981C-A3CC-4489-82A86B4B66EB229C}","366407288",1400,13.22,29238.973
"{47D2B9B8-CDA1-4C50-A1DED914456C24B8}","459331088",1400,20.280001,29238.973
"{4A8536FF-EDE5-4C03-814E4622ECB3AFE5}","704385492",3,16.25,62.654942
"{4BA1F10F-0757-4370-B23D07BEA4A954B5}","395404285",2.6700001,13.78,55.762897
"{4BACFA12-2310-4F0E-9536C0382EF7D9BE}","616131517",1400,9.3800001,29238.973
"{4C0C18A2-0210-4A08-89D18CEB7802F799}","239883051",100,14.64,2088.498
"{4C30CEAC-9779-4ED2-AB52704789D65EAE}","716912057",1400,25.4,29238.973
"{4C791BA1-0398-481A-BF4A58600D867AFC}","514723883",1400,15.45,29238.973
"{4CAFEB87-F2BB-400D-A546CBAE23FDFCEB}","253499984",200,27.65,4176.9961
"{4E4DD20E-2DA6-4559-968D5EFF2A87EA59}","704385492",100,8.0500002,2088.498
"{4F21C3DF-1DC1-4AE3-A8FF399B2F58AF4D}","979457961",518,6.04,10818.42
"{4F56044D-2A07-4978-BEE52F0456F22431}","737639162",30,10.51,626.54938
"{50CA2195-CCEF-44B5-9740F8566F159EC6}","365380340",300,24.540001,6265.4941
"{50E0195B-2C68-46B7-9E28D5DACB51648E}","626855055",8.6800003,15.56,181.28163
"{50F8A392-90BE-46C4-99B660F8389E90E4}","247288332",300,24.110001,6265.4941
"{51A13732-AAF7-4D7C-84BBE38600C8F818}","626855055",3.21,15.76,67.040787
"{5309E7FC-5FDC-42F7-A09F8E87B7F24561}","645047346",20,6.2600002,417.69962
"{55072945-EC63-4E06-AAC82F50E7F565D4}","699568165",200,33.52,4176.9961
"{56CF203D-2FE5-4734-AE35E51BE4264215}","870110935",1400,16.92,29238.973
"{5A0505F1-A277-4B86-A7890DE7F51B36E2}","239883051",20.700001,23.209999,432.31909
"{5F3D43D8-A71E-4F40-A316272B1C83F3E3}","783668782",20,49.09,417.69962
"{5F8E743D-A36F-4B21-9FB15FBF69292A01}","247288332",100,26.309999,2088.498
"{600149D3-27DE-4D51-B2400E7D2516D4CA}","518605761",550,15.27,11486.739
"{6080051C-FDBE-4884-A88A87375B95619D}","715172502",207,23.92,4323.1909
"{60FA5C9D-C847-4DE2-B25BD1C9B9B098C5}","737639162",300.14999,6.0500002,6268.6265
"{6131762E-416F-45F5-A1113D91598F9583}","448762416",1400,19.27,29238.973
"{61BDB000-C61E-4DD6-8E4257A2B4C58868}","141837967",100,4.8099999,2088.498
"{62679EEC-88E6-44E6-81B0719EEADE9E2A}","662774880",1400,21.530001,29238.973
"{6416F4CE-8BE3-4536-BEE63A522EB5FFCA}","514723883",50,21.15,1044.249
"{680D15AA-317C-40A2-ACAC734ED3AFF879}","311014493",1400,16.99,29238.973
"{68810D0D-3156-4037-A4838EA72E9B9C42}","627865738",29.67,4.79,619.65735
"{6CC1FCE4-CA6B-46F7-BB2CFD5CB3B5996E}","662774880",50,29.379999,1044.249
"{6E00E574-46AD-474F-AFC931A0C803C20B}","311014493",40,21.059999,835.39923
"{6EE03A04-5A07-4AC2-9649AEA5E8107791}","617142200",200,21.33,4176.9961
"{71BE043A-A677-4696-B18B9253597BBAD0}","499612331",1400,15.74,29238.973
"{7262653C-8885-4788-A7C650B47EF158AD}","987431261",3.8,17.780001,79.362923
"{73B669E0-E74D-416A-80482906B5C77235}","850845972",1400,20.440001,29238.973
"{746A5C60-7A0A-49F5-AAD0E117BE25B585}","977775944",3.2,21.219999,66.83194
"{74A5B709-38D5-4F5F-8548E1D563561884}","716912057",50,35.669998,1044.249
"{74EBE7D8-F7A6-444F-B576B274D3E1DB6E}","907329135",100,7.4699998,2088.498
"{7529CA52-5027-4DDA-950BE4D470D0018D}","977775944",100,16.610001,2088.498
"{765F6787-4E9D-46A6-9D3922CA2682A852}","810840659",4.25,15.93,88.761169
"{7688B16C-1759-4407-9D5CA3C77F3A2476}","410325474",500,6.8600001,10442.49
"{7782C244-90F2-479F-BA5B98AE3E32963F}","374098777",8.7200003,16.219999,182.11703
"{77EB7EB2-E527-4AE3-B1C438903E4F99B4}","452089574",1400,17.870001,29238.973
"{780D3232-9507-401D-997C6A2AE05D3B1D}","152411036",15.03,14.2,313.90125
"{78D576F1-F70C-4290-A47FA8E416B0C4D8}","560393439",50,25.049999,1044.249
"{79EEDDCE-2306-43D1-BA4967840CDAE000}","449839485",50,11.24,1044.249
"{7BA9F21D-EAC4-404D-821B0C6A967E89A5}","555005126",1400,15.82,29238.973
"{7BBB8C7A-AB9F-47B4-84CC7BBA1E5941B8}","499612331",500,17.620001,10442.49
"{7D6CDF36-0732-4A74-8149A8E98B898BD8}","442379633",100,7.1399999,2088.498
"{7D9FBE65-B9EE-4371-A1676870DDE16ABB}","366407288",500,14.89,10442.49
"{7E524EBE-07D4-4CF4-93AB493A10DDC0BA}","987270461",100,6.7600002,2088.498
"{7E812A77-6248-4DA8-B05902F252FAAC4E}","452089574",41.400002,22.43,864.63818
"{7EBF4BFE-F376-432B-BBDB1A0366A39F62}","650946193",50,24.190001,1044.249
"{80DAD082-7A9E-4682-BF3915B27FEE1E59}","745177268",50.029999,27.889999,1044.8755
"{8164994F-1546-4B85-B3A6CC15A1409EBC}","977775944",300,13.31,6265.4941
"{8269A437-F300-4C2E-93193D2AB16F93FF}","752284473",30,7.4000001,626.54938
"{84F3790D-1B48-4ACB-A1118037910384DA}","768493758",20,27.290001,417.69962
"{850089A8-C023-4F2C-B5E31082204333EF}","716912057",500,29.25,10442.49
"{85F1269C-AAED-4D0D-B4C630C935D7BF50}","493713484",20,15.8,417.69962
"{864D42BC-9A04-445D-9B2C6343B2F4102E}","270169628",50,22.780001,1044.249
"{86DA760C-C175-4BFB-8CE3137B28FF327E}","449839485",9.8299999,16.059999,205.29935
"{878D3237-82BF-4F5B-89A9167D17D69550}","881977981",100,11.73,2088.498
"{888F7D4E-9CA9-4EBE-8C13FA8AF6516408}","627865738",3.9200001,7.5700002,81.869125
"{8907DCA3-FB17-4913-BFDF209FEE98C160}","616131517",500,11.77,10442.49
"{8A02EEEF-FDB7-4A02-AAC84EF866F6BFEB}","365380340",4.9000001,36.84,102.3364
"{8A9C4873-9EA3-4100-AE8F3CC47D7412C5}","384667449",3.6300001,14.39,75.812477
"{8AD3F286-BC5C-4685-992021ED4024CC80}","724385208",19.950001,11.79,416.65536
"{8AD94BD2-BCB8-40EC-B6F8571DEA7F613F}","715172502",51.75,25.389999,1080.7977
"{8B7E6103-8D98-4B26-8A7A9F641964EB42}","617142200",1400,18.280001,29238.973
"{8B86A0B9-1C64-4146-A0BE3BC7CF882299}","500276247",200,5.5100002,4176.9961
"{8FE5FB34-0211-4ED4-86304D180C5FD147}","965839544",500,21.620001,10442.49
"{902203B2-E1EF-4662-803937A78734AFB3}","141837967",9.7200003,8.1000004,203.00201
"{919E622A-4651-47BC-8BF5F8D11958E402}","617142200",40,22.57,835.39923
"{923C34DA-F5A8-441C-8BDCCFF21B02DABB}","764734321",80,11.13,1670.7985
"{93A35E4D-D94A-4D58-922FE05675562B57}","239883051",500,9.8100004,10442.49
"{94D3E7E7-AF8D-4F14-B5B387B21AA9A2AA}","932749642",100,11.83,2088.498
"{955C7F39-03A2-489B-9FF05597676D5112}","797098318",200,35.759998,4176.9961
"{9718AC65-556D-4021-BF6D25BBDC8F4811}","311014493",200,19.91,4176.9961
"{9917B926-E725-4427-9060759DF29E619A}","616131517",50,14.71,1044.249
"{9A696A2E-4A77-43D3-A9507B8421E0E744}","768493758",100,16,2088.498
"{9A7F1BC7-57F3-4AB1-93627A30E64E4E54}","987640804",80,27.18,1670.7985
"{9ACF13E5-EC4A-45EB-B7827D4DC5D22F27}","277377181",30,8.1999998,626.54938
"{9AF026E0-D05A-4DE4-858D821B9F058784}","699568165",690,30.219999,14410.637
"{9BC63480-BFDC-4B19-9E557A123C0FA655}","768493758",550,10.75,11486.739
"{9C856ABF-4D7C-49C5-91C12EE9DA95E3C9}","459331088",50,26.530001,1044.249
"{9CB1B008-213F-4B72-91C5955A837C99F5}","435172080",100,12.72,2088.498
"{9CCC9F8D-02E5-404B-8FB70F7D33A9B5C6}","190952724",50,17.370001,1044.249
"{9DF3DCFF-2A13-4E27-88C28C2C043C358E}","280446105",19.73,7.8000002,412.06064
"{9F688997-AA49-41DD-83E7C8D00B97E61E}","277377181",4.3800001,10.1,91.476219
"{A2B7E184-044F-4E7D-AEC6189215F7360B}","948157787",50,24.700001,1044.249
"{A2F80A1A-60A4-4195-9BF024835E38AF18}","752284473",300.14999,3.1800001,6268.6265
"{A4A1AC1B-142C-4BB4-95F373DC09B9CA29}","645047346",2.1099999,14.44,44.067307
"{A6BFC07C-2F1B-499D-951035E5890BAAE0}","190952724",500,14.56,10442.49
"{A6FD140B-8BC7-4100-A05864EB3D045006}","227495193",50,25.620001,1044.249
"{A7A42354-F589-46FC-8D8A28ABEBF4642B}","550102180",1400,14.29,29238.973
"{AA7FFCA0-1B65-4295-A9D71635AD16FA32}","448762416",500,22.190001,10442.49
"{AB4B7788-E669-4E2F-A547BE976BC8A523}","765086968",30,19.77,626.54938
"{AC4A2792-9CFD-4D7C-A2A657299BBCD494}","907329135",30,8.7700005,626.54938
"{ADA520C0-A47D-481C-917E9F808D3B6C61}","435172080",20.700001,13.74,432.31909
"{AF77A4FF-207B-4E79-97E4D4BA550DD8CA}","987431261",300,6.0100002,6265.4941
"{AF9C72F3-6979-4588-AE1B7FB126E372A9}","932749642",500,9.4399996,10442.49
"{B53B9DE2-11E9-4230-AEE29C2878A06501}","410325474",1400,5.0100002,29238.973
"{B70D530B-8D21-44FC-B475B38DEA356BE2}","493713484",550,8.96,11486.739
"{B76FF0E4-07CB-4030-BEB1DC14AE441ECC}","555005126",690,16.84,14410.637
"{BDFD6E95-714E-4FEF-B3C61603F76AD24E}","645047346",100,5.1500001,2088.498
"{BEF5A4B2-9B39-4826-9A4AE9D7B35A70FE}","875947793",8.46,9.5100002,176.68694
"{BFB1BC80-40A6-4C99-A980C9351A191C03}","881977981",500,10.6,10442.49
"{C219B09A-4EB7-4E64-B27BC6DAC007C1ED}","499612331",50,20.299999,1044.249
"{C2FD6BD9-00D0-4B15-B04D843C01D9A4F0}","932749642",20,12.72,417.69962
"{C43D8EA4-7483-45D6-A35EC59B5700D2FF}","500276247",30,8.79,626.54938
"{C4790443-5BA7-422E-968C4868A98E51E2}","764734321",500,8.75,10442.49
"{C487D131-BAD9-4C11-9C9926B0C73580C4}","653029547",100,28.32,2088.498
"{C5A17B27-58DF-45A1-8B0E8F7CACD9FD98}","764734321",20,12.44,417.69962
"{C65A7091-EF1B-41F7-995B6A1F5D446568}","824500348",10,14.78,208.84981
"{C907B775-308C-4163-9C83A4238E86CB22}","653029547",20,37.23,417.69962
"{CA076C9F-CAE5-4140-97D12A285CD1B65D}","724385208",300,5.7800002,6265.4941
"{CA6981C4-72EB-4C50-86B18EC9DA4C3B54}","745177268",1400,21.93,29238.973
"{CA933258-0DE4-4E0B-BAD359F93963123E}","270169628",1400,17.49,29238.973
"{CD4EDE09-DB57-4A7D-AE6EFDE400C78C51}","550102180",300,18.43,6265.4941
"{D0414327-DC08-41A7-BAD6FFE29F09CC7C}","907329135",3.5999999,14.9,75.185928
"{D0A4EF5E-83FD-4059-818831399F9CC6E9}","650946193",500,16.309999,10442.49
"{D115848F-51E2-4A54-B07E64577166D32A}","857090102",50,17.66,1044.249
"{D2DB302B-6E58-4839-BF06A44FE38141C5}","875947793",3,14.14,62.654942
"{D49A6763-A37C-4328-999EB16A263B383F}","797098318",49,38.720001,1023.364
"{D62A919C-EE33-4FD5-9D2C61697E586982}","987640804",20,31.91,417.69962
"{D6B445A8-3339-4604-94B4968867638ED4}","977775944",8.54,20.860001,178.35773
"{DBA95F0A-0EDB-422D-941E1E19539EB4F4}","645047346",3.73,12.93,77.900978
"{DC8435F9-DF8F-44C4-A1D7205D9BA341C2}","270169628",200,20.450001,4176.9961
"{DE1387CA-8378-42D6-A66889EFF2D85D98}","699568165",1400,27.690001,29238.973
"{DEFC5CD2-398A-4D66-BD3AC672FAA867B8}","560393439",1400,20.879999,29238.973
"{DF49162B-0D15-4D1A-9E3323719DBDAA31}","797098318",1400,29.83,29238.973
"{E15330D8-4F64-45C6-9AA52C1F6184D38C}","629152350",40,23.709999,835.39923
"{E1CB2FB1-29E1-408F-916AFFED19F2B4DE}","741566816",9.79,8.5900002,204.46396
"{E27688F5-89D3-497A-94C3B636BCE0BD37}","366407288",30,16.34,626.54938
"{E56D0AAC-EAA1-478B-B6DEF59B8D44C628}","384667449",300,5.0999999,6265.4941
"{E57CD059-F0CF-4AC4-B87B0B2F9D2D1D24}","277377181",300,5.4099998,6265.4941
"{E6D56A1B-04BC-40FD-8491F22B9FFC7DB2}","870110935",50.029999,21.74,1044.8755
"{E7027147-0560-46CE-AECF8A74EE84447F}","395404285",100,6.9499998,2088.498
"{E8B721CC-AA6D-4BE4-8848F8A3E34FE13E}","280446105",4.8099999,11.94,100.45676
"{E9A340A2-3D45-49C9-8B53BFC8C8C1B00E}","247288332",650,21.9,13575.237
"{EBF45705-0B8D-42F7-B273A6DEE9CC2B86}","704385492",9.7600002,13.78,203.83742
"{EE33ABD0-3DD8-411D-91F7D74B7AD00ECD}","459331088",500,22.75,10442.49
"{EEDD99F6-E687-4907-AB1FC3B0B57D8151}","650946193",1400,12.97,29238.973
"{F0D01537-E5CC-4638-BDA2373F05200D15}","285334269",100,7.6799998,2088.498
"{F131B0A1-D07E-4A87-8A71AD22458F0726}","737639162",4.25,17.9,88.761169
"{F13601A4-66CB-4882-9FA16A25BA47A02C}","253499984",690,21.91,14410.637
"{F1C2A93E-C131-4EF8-A623B05EF5CECFFD}","500276247",4.4099998,14.12,92.10276
"{F2930FB0-9948-44F4-B5460E4B0EE4AD70}","435172080",500,10.72,10442.49
"{F37E7A7D-326B-4ECF-9C5A15C589AE44F2}","783668782",500,27.93,10442.49
"{F574B0CE-D5A1-42F0-9EEA57567DAFA06A}","810840659",200,6.79,4176.9961
"{FB9D4BD2-168A-4154-A86FD862C1BD23A3}","627865738",300,3.3,6265.4941
"{FC2826DD-983A-4366-BBB6219418D4FF32}","797098318",690,32.049999,14410.637
"{FCCAE4D7-BC74-429B-81CEBFCD61E446D5}","550102180",50,22.219999,1044.249
"{FE5B016F-BD1F-443F-A7F193F55C109E2D}","384667449",29.67,7.8699999,619.65735
