SWCC_ID,SWCC_Soil_Counter,SWCC_Test_Method,SWCC_Technician,SWCC_Lab_Notes,SWCC_Test_Date,SWCC_Specimen_ID,Wilting_Point,af,nf,mf,hr,Fredlund_SWCC_Fit,Fredlund_Source,Fredlund_Error,Fredlund_Residual_WC,Fredlund_AEV,Fredlund_Max_Slope,afb,nfb,mfb,jfb,kfb,lfb,Fredlund_Bimodal_Split,Fredlund_Bimodal_Fit,Fredlund_Bimodal_Source,Fredlund_Bimodal_Error,avg,nvg,mvg,Genuchten_SWCC_Fit,Genuchten_Source,Genuchten_Error,Genuchten_Residual_WC,Genuchten_AEV,Genuchten_Max_Slope,ab,nb,Burdine_SWCC_Fit,Burdine_Error,Burdine_Residual_WC,Burdine_AEV,Burdine_Max_Slope,am,nm,Mualem_SWCC_Fit,Mualem_Error,Mualem_Residual_WC,Mualem_AEV,Mualem_Max_Slope,ag,ng,Gardner_SWCC_Fit,Gardner_Error,Gardner_Residual_WC,Gardner_AEV,Gardner_Max_Slope,ac,nc,Brooks_SWCC_Fit,Brooks_Source,Brooks_Error,Brooks_Residual_WC,Brooks_AEV,Brooks_Max_Slope,Fredlund_PTF_Source,Packing_Porosity,Fredlund_PTF_Predicted,Fredlund_PTF_Error,Fredlund_PTF_AEV,Fredlund_PTF_Max_Slope,Gupta_Predicted,Gupta_Error,Arya_Alpha,Arya_Predicted,Arya_Error,Arya_AEV,Arya_Max_Slope,Scheinost_avg,Scheinost_nvg,Scheinost_mvg,Scheinost_Residual_wc,Scheinost_Predicted,Scheinost_Error,Scheinost_AEV,Scheinost_Max_Slope,Rawls_Bubbling_Pressure,Rawls_Lambda,Rawls_Predicted,Rawls_Error,Rawls_AEV,Rawls_Max_Slope,Vereecken_avg,Vereecken_nvg,Vereecken_mvg,Vereecken_Residual_wc,Vereecken_Predicted,Vereecken_Error,Vereecken_AEV,Vereecken_Max_Slope,Tyler_Alpha,Tyler_Predicted,Tyler_Error,Tyler_AEV,Tyler_Max_Slope,SWCC_Count,Aubertin_Predicted,Aubertin_Error,Aubertin_AEV,Aubertin_Max_Slope,Aubertin_Method,Yb,Yres,Sres,agg,Gitirana_Fredlund_SWCC_Fit,Gitirana_Fredlund_Error,Gitirana_Fredlund_Residual_WC,Gitirana_Fredlund_AEV,Gitirana_Fredlund_Max_Slope,Gitirana_Fredlund_Source
"{00C19F20-0758-4953-95CB8DBFE4B5F397}","617142200","Pressure Plate","Yugantha Perera",,"09/08/03 00:00:00","8-1-S-12",,,,,,0,0,,,,,,,,,,,0,0,0,,,,,0,0,,,,,,,0,,,,,,,0,,,,,,,0,,,,,,,0,0,,,,,1,,0,,,,0,,,0,,,,,,,,0,,,,,,0,,,,,,,,0,,,,,0,,,,3,0,,,,1,0,0,0,0,0,0,0,0,0,0
"{02F94CF7-0F5F-4FD2-9AFC8901619FE5AF}","141837967","Pressure Plate","Yugantha Perera",,"08/13/03 00:00:00","7-4-2-14.5",,,,,,0,0,,,,,,,,,,,0,0,0,,,,,0,0,,,,,,,0,,,,,,,0,,,,,,,0,,,,,,,0,0,,,,,1,,0,,,,0,,,0,,,,,,,,0,,,,,,0,,,,,,,,0,,,,,0,,,,3,0,,,,1,0,0,0,0,0,0,0,0,0,0
"{040AC4D8-55A0-4B37-BC772503427D0966}","499612331","Pressure Plate","Yugantha Perera",,"09/08/03 00:00:00","7-3-1-30",,,,,,0,0,,,,,,,,,,,0,0,0,,,,,0,0,,,,,,,0,,,,,,,0,,,,,,,0,,,,,,,0,0,,,,,1,,0,,,,0,,,0,,,,,,,,0,,,,,,0,,,,,,,,0,,,,,0,,,,3,0,,,,1,0,0,0,0,0,0,0,0,0,0
"{07E5BA33-C882-4539-9ADB8EB09FDBF053}","875947793","Pressure Plate","Yugantha Perera",,"08/13/03 00:00:00","6-1-1-11",,,,,,0,0,,,,,,,,,,,0,0,0,,,,,0,0,,,,,,,0,,,,,,,0,,,,,,,0,,,,,,,0,0,,,,,1,,0,,,,0,,,0,,,,,,,,0,,,,,,0,,,,,,,,0,,,,,0,,,,3,0,,,,1,0,0,0,0,0,0,0,0,0,0
"{0D68C711-8D16-4875-A6E9E3A7ADB201D6}","965839544","Pressure Plate","Yugantha perera",,"08/13/03 00:00:00","7-5-1-43",,,,,,0,0,,,,,,,,,,,0,0,0,,,,,0,0,,,,,,,0,,,,,,,0,,,,,,,0,,,,,,,0,0,,,,,1,,0,,,,0,,,0,,,,,,,,0,,,,,,0,,,,,,,,0,,,,,0,,,,3,0,,,,1,0,0,0,0,0,0,0,0,0,0
"{0EB57087-5F62-4AD3-9B9754685A07C935}","645047346","Pressure Plate","Yugantha Perera",,"08/13/03 00:00:00","7-4-3-19",,,,,,0,0,,,,,,,,,,,0,0,0,,,,,0,0,,,,,,,0,,,,,,,0,,,,,,,0,,,,,,,0,0,,,,,1,,0,,,,0,,,0,,,,,,,,0,,,,,,0,,,,,,,,0,,,,,0,,,,4,0,,,,1,0,0,0,0,0,0,0,0,0,0
"{0F6BF6CA-921C-4F64-AA036AB40155063E}","270169628","Pressure Plate","Yugantha Perera",,"09/08/03 00:00:00","2-1-2-18",,,,,,0,0,,,,,,,,,,,0,0,0,,,,,0,0,,,,,,,0,,,,,,,0,,,,,,,0,,,,,,,0,0,,,,,1,,0,,,,0,,,0,,,,,,,,0,,,,,,0,,,,,,,,0,,,,,0,,,,3,0,,,,1,0,0,0,0,0,0,0,0,0,0
"{112A3088-606C-4C80-88DF673A428DA22C}","247288332","Pressure Plate","Yugantha Perera",,"08/13/03 00:00:00","7-5-S-12",,,,,,0,0,,,,,,,,,,,0,0,0,,,,,0,0,,,,,,,0,,,,,,,0,,,,,,,0,,,,,,,0,0,,,,,1,,0,,,,0,,,0,,,,,,,,0,,,,,,0,,,,,,,,0,,,,,0,,,,3,0,,,,1,0,0,0,0,0,0,0,0,0,0
"{185EB08B-88CC-4D76-B9F267AA8A70ED80}","560393439","Pressure Plate","Yugantha Perera",,"08/14/03 00:00:00","5-4-S-12",,,,,,0,0,,,,,,,,,,,0,0,0,,,,,0,0,,,,,,,0,,,,,,,0,,,,,,,0,,,,,,,0,0,,,,,1,,0,,,,0,,,0,,,,,,,,0,,,,,,0,,,,,,,,0,,,,,0,,,,3,0,,,,1,0,0,0,0,0,0,0,0,0,0
"{1B00BBE3-6A45-4125-88358DFE5790ED0E}","907329135","Pressure Plate","Yugantha Perera",,"08/15/03 00:00:00","2-2-1-15",,,,,,0,0,,,,,,,,,,,0,0,0,,,,,0,0,,,,,,,0,,,,,,,0,,,,,,,0,,,,,,,0,0,,,,,1,,0,,,,0,,,0,,,,,,,,0,,,,,,0,,,,,,,,0,,,,,0,,,,3,0,,,,1,0,0,0,0,0,0,0,0,0,0
"{1BD882CD-1B53-47EC-89A45B092F2F87FB}","653029547","Pressure Plate","Yugantha Perera",,"09/02/03 00:00:00","3-2-1-15",,,,,,0,0,,,,,,,,,,,0,0,0,,,,,0,0,,,,,,,0,,,,,,,0,,,,,,,0,,,,,,,0,0,,,,,1,,0,,,,0,,,0,,,,,,,,0,,,,,,0,,,,,,,,0,,,,,0,,,,3,0,,,,1,0,0,0,0,0,0,0,0,0,0
"{1DBB3B9A-899D-4C39-AB271396B5A1E3BF}","395404285","Pressure Plate","Yugantha Perera",,"09/04/03 00:00:00","6-2-2-35",,,,,,0,0,,,,,,,,,,,0,0,0,,,,,0,0,,,,,,,0,,,,,,,0,,,,,,,0,,,,,,,0,0,,,,,1,,0,,,,0,,,0,,,,,,,,0,,,,,,0,,,,,,,,0,,,,,0,,,,3,0,,,,1,0,0,0,0,0,0,0,0,0,0
"{20B45DB1-3BE4-4696-AD1C09F107FB3452}","932749642","Pressure Plate","Yugantha Perera",,"08/13/03 00:00:00","8-3-3-21",,,,,,0,0,,,,,,,,,,,0,0,0,,,,,0,0,,,,,,,0,,,,,,,0,,,,,,,0,,,,,,,0,0,,,,,1,,0,,,,0,,,0,,,,,,,,0,,,,,,0,,,,,,,,0,,,,,0,,,,3,0,,,,1,0,0,0,0,0,0,0,0,0,0
"{2B0369E9-ABB3-4743-B3193A2E695F4B71}","410325474","Pressure Plate","Yugantha Perea",,"07/29/03 00:00:00","1-5-2-23",,,,,,0,0,,,,,,,,,,,0,0,0,,,,,0,0,,,,,,,0,,,,,,,0,,,,,,,0,,,,,,,0,0,,,,,1,,0,,,,0,,,0,,,,,,,,0,,,,,,0,,,,,,,,0,,,,,0,,,,3,0,,,,1,0,0,0,0,0,0,0,0,0,0
"{30D1AB71-D6F9-4D47-8C5373F63DE6A33F}","448762416","Pressure Plate","Yugantha Perera",,"08/14/03 00:00:00","1-1-1-13",,,,,,0,0,,,,,,,,,,,0,0,0,,,,,0,0,,,,,,,0,,,,,,,0,,,,,,,0,,,,,,,0,0,,,,,1,,0,,,,0,,,0,,,,,,,,0,,,,,,0,,,,,,,,0,,,,,0,,,,3,0,,,,1,0,0,0,0,0,0,0,0,0,0
"{37944B19-4D00-42AB-8FA6E35424F6734B}","277377181","Pressure Plate","Yugantha Perera",,"08/15/03 00:00:00","6-3-2-10",,,,,,0,0,,,,,,,,,,,0,0,0,,,,,0,0,,,,,,,0,,,,,,,0,,,,,,,0,,,,,,,0,0,,,,,1,,0,,,,0,,,0,,,,,,,,0,,,,,,0,,,,,,,,0,,,,,0,,,,3,0,,,,1,0,0,0,0,0,0,0,0,0,0
"{3A417FD2-2BB6-4DB3-BD3AEB13C54C278A}","555005126","Pressure Plate","Yugantha Perera",,"09/08/03 00:00:00","6-5-S-12",,,,,,0,0,,,,,,,,,,,0,0,0,,,,,0,0,,,,,,,0,,,,,,,0,,,,,,,0,,,,,,,0,0,,,,,1,,0,,,,0,,,0,,,,,,,,0,,,,,,0,,,,,,,,0,,,,,0,,,,3,0,,,,1,0,0,0,0,0,0,0,0,0,0
"{3B4065D1-8F84-41D6-A185173A7ECC78E5}","783668782","Pressure Plate","Yugantha Perera",,"09/04/03 00:00:00","6-2-S1-15",,,,,,0,0,,,,,,,,,,,0,0,0,,,,,0,0,,,,,,,0,,,,,,,0,,,,,,,0,,,,,,,0,0,,,,,1,,0,,,,0,,,0,,,,,,,,0,,,,,,0,,,,,,,,0,,,,,0,,,,3,0,,,,1,0,0,0,0,0,0,0,0,0,0
"{3BC70268-3EEF-4196-801CE9E31B655BC0}","366407288","Pressure Plate","Yugantha Perera",,"09/08/03 00:00:00","6-5-1-20",,,,,,0,0,,,,,,,,,,,0,0,0,,,,,0,0,,,,,,,0,,,,,,,0,,,,,,,0,,,,,,,0,0,,,,,1,,0,,,,0,,,0,,,,,,,,0,,,,,,0,,,,,,,,0,,,,,0,,,,4,0,,,,1,0,0,0,0,0,0,0,0,0,0
"{3CFD20C8-E4F3-4394-80BBDDC0C4570C09}","948157787","Pressure Plate","Yugantha Perera",,"09/08/03 00:00:00","2-1-4-18",,,,,,0,0,,,,,,,,,,,0,0,0,,,,,0,0,,,,,,,0,,,,,,,0,,,,,,,0,,,,,,,0,0,,,,,1,,0,,,,0,,,0,,,,,,,,0,,,,,,0,,,,,,,,0,,,,,0,,,,3,0,,,,1,0,0,0,0,0,0,0,0,0,0
"{3D32D974-481D-44E0-B1D73B838CF16AC8}","979457961","Pressure Plate","Yugantha Perera",,"09/04/03 00:00:00","6-2-3-44",,,,,,0,0,,,,,,,,,,,0,0,0,,,,,0,0,,,,,,,0,,,,,,,0,,,,,,,0,,,,,,,0,0,,,,,1,,0,,,,0,,,0,,,,,,,,0,,,,,,0,,,,,,,,0,,,,,0,,,,2,0,,,,1,0,0,0,0,0,0,0,0,0,0
"{3F4B7DB9-9CA4-4224-980B381802FE3101}","810840659","Pressure Plate","Yugantha Perera",,"09/02/03 00:00:00","1-2-1-16",,,,,,0,0,,,,,,,,,,,0,0,0,,,,,0,0,,,,,,,0,,,,,,,0,,,,,,,0,,,,,,,0,0,,,,,1,,0,,,,0,,,0,,,,,,,,0,,,,,,0,,,,,,,,0,,,,,0,,,,3,0,,,,1,0,0,0,0,0,0,0,0,0,0
"{4373B2A4-8C16-4A89-ACA5750B5D64F62A}","627865738","Pressure Plate","Yugantha Perera",,"08/14/03 00:00:00","5-4-1-9",,,,,,0,0,,,,,,,,,,,0,0,0,,,,,0,0,,,,,,,0,,,,,,,0,,,,,,,0,,,,,,,0,0,,,,,1,,0,,,,0,,,0,,,,,,,,0,,,,,,0,,,,,,,,0,,,,,0,,,,3,0,,,,1,0,0,0,0,0,0,0,0,0,0
"{44E1FF55-009F-487B-94798DE7DE08265E}","870110935","Pressure Plate","Yugantha Perera",,"09/02/03 00:00:00","3-2-1-35",,,,,,0,0,,,,,,,,,,,0,0,0,,,,,0,0,,,,,,,0,,,,,,,0,,,,,,,0,,,,,,,0,0,,,,,1,,0,,,,0,,,0,,,,,,,,0,,,,,,0,,,,,,,,0,,,,,0,,,,3,0,,,,1,0,0,0,0,0,0,0,0,0,0
"{48D85992-E3AB-48EF-A451DC1961717D57}","280446105","Pressure Plate","Yugantha Perera",,"08/14/03 00:00:00","1-4-3-18",,,,,,0,0,,,,,,,,,,,0,0,0,,,,,0,0,,,,,,,0,,,,,,,0,,,,,,,0,,,,,,,0,0,,,,,1,,0,,,,0,,,0,,,,,,,,0,,,,,,0,,,,,,,,0,,,,,0,,,,3,0,,,,1,0,0,0,0,0,0,0,0,0,0
"{49879C0E-BA46-41B2-94A81F7AAB63F93C}","366920736","Pressure Plate","Yugantha Perera",,"09/04/03 00:00:00","6-2-1-20",,,,,,0,0,,,,,,,,,,,0,0,0,,,,,0,0,,,,,,,0,,,,,,,0,,,,,,,0,,,,,,,0,0,,,,,1,,0,,,,0,,,0,,,,,,,,0,,,,,,0,,,,,,,,0,,,,,0,,,,2,0,,,,1,0,0,0,0,0,0,0,0,0,0
"{4CF08E8B-DC13-404D-AB89D1E90BF91F6E}","977775944","Pressure Plate","Yugantha Perera",,"08/25/03 00:00:00","6-4-3-22.5",,,,,,0,0,,,,,,,,,,,0,0,0,,,,,0,0,,,,,,,0,,,,,,,0,,,,,,,0,,,,,,,0,0,,,,,1,,0,,,,0,,,0,,,,,,,,0,,,,,,0,,,,,,,,0,,,,,0,,,,4,0,,,,1,0,0,0,0,0,0,0,0,0,0
"{4D440570-F272-40E3-85E6546CFA795C45}","164222028","Pressure Plate","Yugantha Perera",,"09/04/03 00:00:00","6-2-3-33",,,,,,0,0,,,,,,,,,,,0,0,0,,,,,0,0,,,,,,,0,,,,,,,0,,,,,,,0,,,,,,,0,0,,,,,1,,0,,,,0,,,0,,,,,,,,0,,,,,,0,,,,,,,,0,,,,,0,,,,2,0,,,,1,0,0,0,0,0,0,0,0,0,0
"{5358C301-FDD7-4F70-B363E9BD15A9050F}","227495193","Pressure Plate","Yugantha Perera",,"08/26/03 00:00:00","3-3-2-23",,,,,,0,0,,,,,,,,,,,0,0,0,,,,,0,0,,,,,,,0,,,,,,,0,,,,,,,0,,,,,,,0,0,,,,,1,,0,,,,0,,,0,,,,,,,,0,,,,,,0,,,,,,,,0,,,,,0,,,,3,0,,,,1,0,0,0,0,0,0,0,0,0,0
"{541CC2A2-6B49-4853-B1312ED314719BD1}","549106279","Pressure Plate","Yugantha Perera",,"09/08/03 00:00:00","2-1-1-7",,,,,,0,0,,,,,,,,,,,0,0,0,,,,,0,0,,,,,,,0,,,,,,,0,,,,,,,0,,,,,,,0,0,,,,,1,,0,,,,0,,,0,,,,,,,,0,,,,,,0,,,,,,,,0,,,,,0,,,,3,0,,,,1,0,0,0,0,0,0,0,0,0,0
"{5984AC85-2C23-4DB2-8B0A4BB51655D083}","384667449","Pressure Plate","Yugantha Perera",,"09/08/03 00:00:00","8-1-2-10.5",,,,,,0,0,,,,,,,,,,,0,0,0,,,,,0,0,,,,,,,0,,,,,,,0,,,,,,,0,,,,,,,0,0,,,,,1,,0,,,,0,,,0,,,,,,,,0,,,,,,0,,,,,,,,0,,,,,0,,,,3,0,,,,1,0,0,0,0,0,0,0,0,0,0
"{599812AA-37C6-4517-9D8C7598D27511F9}","374098777","Pressure Plate","Yugantha Perera",,"08/14/03 00:00:00","8-2-3-18",,,,,,0,0,,,,,,,,,,,0,0,0,,,,,0,0,,,,,,,0,,,,,,,0,,,,,,,0,,,,,,,0,0,,,,,1,,0,,,,0,,,0,,,,,,,,0,,,,,,0,,,,,,,,0,,,,,0,,,,3,0,,,,1,0,0,0,0,0,0,0,0,0,0
"{5B68E92C-AED9-4308-B2C422717045A3A1}","857090102","Pressure Plate","Yugantha Perera",,"09/08/03 00:00:00","7-2-1-29",,,,,,0,0,,,,,,,,,,,0,0,0,,,,,0,0,,,,,,,0,,,,,,,0,,,,,,,0,,,,,,,0,0,,,,,1,,0,,,,0,,,0,,,,,,,,0,,,,,,0,,,,,,,,0,,,,,0,,,,3,0,,,,1,0,0,0,0,0,0,0,0,0,0
"{636ABDF0-CC7D-411F-A4A5D36655459172}","745177268","Pressure Plate","Yugantha Perera",,"09/08/03 00:00:00","2-1-4-30",,,,,,0,0,,,,,,,,,,,0,0,0,,,,,0,0,,,,,,,0,,,,,,,0,,,,,,,0,,,,,,,0,0,,,,,1,,0,,,,0,,,0,,,,,,,,0,,,,,,0,,,,,,,,0,,,,,0,,,,3,0,,,,1,0,0,0,0,0,0,0,0,0,0
"{694DC65D-0259-4726-A2A1C163802340F8}","765086968","Pressure Plate","Yugantha Perera",,"08/26/03 00:00:00","3-3-2-17",,,,,,0,0,,,,,,,,,,,0,0,0,,,,,0,0,,,,,,,0,,,,,,,0,,,,,,,0,,,,,,,0,0,,,,,1,,0,,,,0,,,0,,,,,,,,0,,,,,,0,,,,,,,,0,,,,,0,,,,3,0,,,,1,0,0,0,0,0,0,0,0,0,0
"{6CB40040-5F5D-4D4C-8159F015ADDA194C}","311014493","Pressure Plate","Yugantha Perera",,"09/08/03 00:00:00","8-1-2-22",,,,,,0,0,,,,,,,,,,,0,0,0,,,,,0,0,,,,,,,0,,,,,,,0,,,,,,,0,,,,,,,0,0,,,,,1,,0,,,,0,,,0,,,,,,,,0,,,,,,0,,,,,,,,0,,,,,0,,,,3,0,,,,1,0,0,0,0,0,0,0,0,0,0
"{6E68388B-BDA0-4293-A132B98BCFB2D24F}","850845972","Pressure Plate","Yugantha Perera",,"08/14/03 00:00:00","5-4-2-25",,,,,,0,0,,,,,,,,,,,0,0,0,,,,,0,0,,,,,,,0,,,,,,,0,,,,,,,0,,,,,,,0,0,,,,,1,,0,,,,0,,,0,,,,,,,,0,,,,,,0,,,,,,,,0,,,,,0,,,,3,0,,,,1,0,0,0,0,0,0,0,0,0,0
"{6EA3B25E-543D-453E-87138F27B7827853}","452089574","Pressure Plate","Yugantha Perera",,"09/04/03 00:00:00","8-1-1-29",,,,,,0,0,,,,,,,,,,,0,0,0,,,,,0,0,,,,,,,0,,,,,,,0,,,,,,,0,,,,,,,0,0,,,,,1,,0,,,,0,,,0,,,,,,,,0,,,,,,0,,,,,,,,0,,,,,0,,,,3,0,,,,1,0,0,0,0,0,0,0,0,0,0
"{71A3337C-84BB-492A-99B0F137A86C1CD5}","797098318","Pressure Plate","Yugantha Perera",,"08/25/03 00:00:00","5-2-S-12",,,,,,0,0,,,,,,,,,,,0,0,0,,,,,0,0,,,,,,,0,,,,,,,0,,,,,,,0,,,,,,,0,0,,,,,1,,0,,,,0,,,0,,,,,,,,0,,,,,,0,,,,,,,,0,,,,,0,,,,4,0,,,,1,0,0,0,0,0,0,0,0,0,0
"{7828B880-C9F3-4ADE-A5E514D8997A8AFA}","253499984","Pressure Plate","Yugantha Perera",,"08/15/03 00:00:00","5-1-2-24",,,,,,0,0,,,,,,,,,,,0,0,0,,,,,0,0,,,,,,,0,,,,,,,0,,,,,,,0,,,,,,,0,0,,,,,1,,0,,,,0,,,0,,,,,,,,0,,,,,,0,,,,,,,,0,,,,,0,,,,3,0,,,,1,0,0,0,0,0,0,0,0,0,0
"{7DEE9BB0-312C-46F8-8AB76969F10211A9}","650946193","Pressure Plate","Yugantha Perera",,"08/13/03 00:00:00","7-4-S-15",,,,,,0,0,,,,,,,,,,,0,0,0,,,,,0,0,,,,,,,0,,,,,,,0,,,,,,,0,,,,,,,0,0,,,,,1,,0,,,,0,,,0,,,,,,,,0,,,,,,0,,,,,,,,0,,,,,0,,,,3,0,,,,1,0,0,0,0,0,0,0,0,0,0
"{82CA96CD-0A88-49A4-8530FD5F683B85CA}","704385492","Pressure Plate","Yugantha Perera",,"08/14/03 00:00:00","7-1-1-13.5",,,,,,0,0,,,,,,,,,,,0,0,0,,,,,0,0,,,,,,,0,,,,,,,0,,,,,,,0,,,,,,,0,0,,,,,1,,0,,,,0,,,0,,,,,,,,0,,,,,,0,,,,,,,,0,,,,,0,,,,3,0,,,,1,0,0,0,0,0,0,0,0,0,0
"{857336D0-2DFA-472B-9934F6E78A9332A9}","449839485","Pressure Plate","Yugantha Perera",,"07/25/03 00:00:00","4-1-1-18.5",,,,,,0,0,,,,,,,,,,,0,0,0,,,,,0,0,,,,,,,0,,,,,,,0,,,,,,,0,,,,,,,0,0,,,,,1,,0,,,,0,,,0,,,,,,,,0,,,,,,0,,,,,,,,0,,,,,0,,,,3,0,,,,1,0,0,0,0,0,0,0,0,0,0
"{86F8ADE8-89D9-4566-8BC3608D60867D7E}","616131517","Pressure Plate","Yugantha Perera",,"09/08/03 00:00:00","7-2-2-20.5",,,,,,0,0,,,,,,,,,,,0,0,0,,,,,0,0,,,,,,,0,,,,,,,0,,,,,,,0,,,,,,,0,0,,,,,1,,0,,,,0,,,0,,,,,,,,0,,,,,,0,,,,,,,,0,,,,,0,,,,3,0,,,,1,0,0,0,0,0,0,0,0,0,0
"{8731400B-4D40-4BF3-B8DD873DF1564EB1}","550102180","Pressure Plate","Yugantha Perera",,"08/13/03 00:00:00","7-4-3-48",,,,,,0,0,,,,,,,,,,,0,0,0,,,,,0,0,,,,,,,0,,,,,,,0,,,,,,,0,,,,,,,0,0,,,,,1,,0,,,,0,,,0,,,,,,,,0,,,,,,0,,,,,,,,0,,,,,0,,,,3,0,,,,1,0,0,0,0,0,0,0,0,0,0
"{883DEB07-B15E-45ED-B35EC6CB19C8ECE9}","239883051","Pressure Plate","Yugantha Perera",,"08/14/03 00:00:00","8-2-S-18",,,,,,0,0,,,,,,,,,,,0,0,0,,,,,0,0,,,,,,,0,,,,,,,0,,,,,,,0,,,,,,,0,0,,,,,1,,0,,,,0,,,0,,,,,,,,0,,,,,,0,,,,,,,,0,,,,,0,,,,3,0,,,,1,0,0,0,0,0,0,0,0,0,0
"{8BCA9A13-1F30-459C-8AA7754A996CBD67}","190952724","Pressure Plate","Yugantha Perera",,"08/14/03 00:00:00","3-1-3-24",,,,,,0,0,,,,,,,,,,,0,0,0,,,,,0,0,,,,,,,0,,,,,,,0,,,,,,,0,,,,,,,0,0,,,,,1,,0,,,,0,,,0,,,,,,,,0,,,,,,0,,,,,,,,0,,,,,0,,,,3,0,,,,1,0,0,0,0,0,0,0,0,0,0
"{8D41C430-D202-4CF3-B9122EECD5122192}","715172502","Pressure Plate","Yugantha Perera",,"08/14/03 00:00:00","5-3-S2-8",,,,,,0,0,,,,,,,,,,,0,0,0,,,,,0,0,,,,,,,0,,,,,,,0,,,,,,,0,,,,,,,0,0,,,,,1,,0,,,,0,,,0,,,,,,,,0,,,,,,0,,,,,,,,0,,,,,0,,,,3,0,,,,1,0,0,0,0,0,0,0,0,0,0
"{8E41920E-7D8C-4387-BE7946773DE49578}","459331088","Pressure Plate","Yugantha Perera",,"09/08/03 00:00:00","7-3-S-16",,,,,,0,0,,,,,,,,,,,0,0,0,,,,,0,0,,,,,,,0,,,,,,,0,,,,,,,0,,,,,,,0,0,,,,,1,,0,,,,0,,,0,,,,,,,,0,,,,,,0,,,,,,,,0,,,,,0,,,,3,0,,,,1,0,0,0,0,0,0,0,0,0,0
"{9378E334-A878-44B3-8FBA517B2B3E177E}","518605761","Pressure Plate","Yugantha Perera",,"07/30/03 00:00:00","8-3-2-14",,,,,,0,0,,,,,,,,,,,0,0,0,,,,,0,0,,,,,,,0,,,,,,,0,,,,,,,0,,,,,,,0,0,,,,,1,,0,,,,0,,,0,,,,,,,,0,,,,,,0,,,,,,,,0,,,,,0,,,,3,0,,,,1,0,0,0,0,0,0,0,0,0,0
"{97580C54-EE0F-4D00-AEED1C5229C2ED5B}","629152350","Pressure Plate","Yugantha Perera",,"09/02/03 00:00:00","3-2-2-25",,,,,,0,0,,,,,,,,,,,0,0,0,,,,,0,0,,,,,,,0,,,,,,,0,,,,,,,0,,,,,,,0,0,,,,,1,,0,,,,0,,,0,,,,,,,,0,,,,,,0,,,,,,,,0,,,,,0,,,,3,0,,,,1,0,0,0,0,0,0,0,0,0,0
"{97C8A005-C2C5-4501-824558D4ED53DB63}","881977981","Pressure Plate","Yugantha Perera",,"09/08/03 00:00:00","7-2-S-14",,,,,,0,0,,,,,,,,,,,0,0,0,,,,,0,0,,,,,,,0,,,,,,,0,,,,,,,0,,,,,,,0,0,,,,,1,,0,,,,0,,,0,,,,,,,,0,,,,,,0,,,,,,,,0,,,,,0,,,,3,0,,,,1,0,0,0,0,0,0,0,0,0,0
"{9E9C5734-F70C-4080-9DC559E5A854CEE1}","716912057","Pressure Plate","Yugantha Perera",,"08/14/03 00:00:00","7-1-S-15",,,,,,0,0,,,,,,,,,,,0,0,0,,,,,0,0,,,,,,,0,,,,,,,0,,,,,,,0,,,,,,,0,0,,,,,1,,0,,,,0,,,0,,,,,,,,0,,,,,,0,,,,,,,,0,,,,,0,,,,3,0,,,,1,0,0,0,0,0,0,0,0,0,0
"{A2DCC4D5-56FE-4004-ADBF1A39290D609F}","987270461","Pressure Plate","Yugantha Perera",,"08/25/03 00:00:00","6-4-2-17",,,,,,0,0,,,,,,,,,,,0,0,0,,,,,0,0,,,,,,,0,,,,,,,0,,,,,,,0,,,,,,,0,0,,,,,1,,0,,,,0,,,0,,,,,,,,0,,,,,,0,,,,,,,,0,,,,,0,,,,3,0,,,,1,0,0,0,0,0,0,0,0,0,0
"{A3C0D63F-A25F-4324-93B44A4CD8F51837}","987640804","Pressure Plate","Yugantha Perera",,"09/02/03 00:00:00","1-2-1-22",,,,,,0,0,,,,,,,,,,,0,0,0,,,,,0,0,,,,,,,0,,,,,,,0,,,,,,,0,,,,,,,0,0,,,,,1,,0,,,,0,,,0,,,,,,,,0,,,,,,0,,,,,,,,0,,,,,0,,,,2,0,,,,1,0,0,0,0,0,0,0,0,0,0
"{AE6E03D7-F03C-4C2D-99855100E89B994A}","724385208","Pressure Plate","Yugantha Perera",,"08/14/03 00:00:00","1-4-2-42",,,,,,0,0,,,,,,,,,,,0,0,0,,,,,0,0,,,,,,,0,,,,,,,0,,,,,,,0,,,,,,,0,0,,,,,1,,0,,,,0,,,0,,,,,,,,0,,,,,,0,,,,,,,,0,,,,,0,,,,3,0,,,,1,0,0,0,0,0,0,0,0,0,0
"{B165D2EA-2190-495C-953586794D98332F}","493713484","Pressure Plate","Yugantha Perera",,"09/08/03 00:00:00","7-3-2-19.5",,,,,,0,0,,,,,,,,,,,0,0,0,,,,,0,0,,,,,,,0,,,,,,,0,,,,,,,0,,,,,,,0,0,,,,,1,,0,,,,0,,,0,,,,,,,,0,,,,,,0,,,,,,,,0,,,,,0,,,,3,0,,,,1,0,0,0,0,0,0,0,0,0,0
"{B77E569C-50C4-4434-A3A26A2E93C88038}","741566816","Pressure Plate","Yugantha Perera",,"08/13/03 00:00:00","7-5-2-7.5",,,,,,0,0,,,,,,,,,,,0,0,0,,,,,0,0,,,,,,,0,,,,,,,0,,,,,,,0,,,,,,,0,0,,,,,1,,0,,,,0,,,0,,,,,,,,0,,,,,,0,,,,,,,,0,,,,,0,,,,3,0,,,,1,0,0,0,0,0,0,0,0,0,0
"{B9A8686D-53BF-413F-8CCD5E5B57167AF5}","750847392","Pressure Plate","Yugantha Perera",,"08/14/03 00:00:00","6-1-2-12.5",,,,,,0,0,,,,,,,,,,,0,0,0,,,,,0,0,,,,,,,0,,,,,,,0,,,,,,,0,,,,,,,0,0,,,,,1,,0,,,,0,,,0,,,,,,,,0,,,,,,0,,,,,,,,0,,,,,0,,,,3,0,,,,1,0,0,0,0,0,0,0,0,0,0
"{BC178E65-D7F8-44E8-8B284486ACA3EB59}","662774880","Pressure Plate","Yugantha Perera",,"08/15/03 00:00:00","5-1-S-12",,,,,,0,0,,,,,,,,,,,0,0,0,,,,,0,0,,,,,,,0,,,,,,,0,,,,,,,0,,,,,,,0,0,,,,,1,,0,,,,0,,,0,,,,,,,,0,,,,,,0,,,,,,,,0,,,,,0,,,,3,0,,,,1,0,0,0,0,0,0,0,0,0,0
"{C0827178-278F-4FD7-BC664A7730ECFFF4}","987431261","Pressure Plate","Yugantha Perera",,"07/25/03 00:00:00","4-1-1-11.5",,,,,,0,0,,,,,,,,,,,0,0,0,,,,,0,0,,,,,,,0,,,,,,,0,,,,,,,0,,,,,,,0,0,,,,,1,,0,,,,0,,,0,,,,,,,,0,,,,,,0,,,,,,,,0,,,,,0,,,,3,0,,,,1,0,0,0,0,0,0,0,0,0,0
"{C1CBF168-597F-4BD0-A24F48F970537AA6}","768493758","Pressure Plate","Yugantha Perera",,"07/25/03 00:00:00","1-5-1-18.5",,,,,,0,0,,,,,,,,,,,0,0,0,,,,,0,0,,,,,,,0,,,,,,,0,,,,,,,0,,,,,,,0,0,,,,,1,,0,,,,0,,,0,,,,,,,,0,,,,,,0,,,,,,,,0,,,,,0,,,,3,0,,,,1,0,0,0,0,0,0,0,0,0,0
"{C3326C38-AFC4-4BCF-83AA369580F0EB97}","626855055","Pressure Plate","Yugantha Perera",,"08/14/03 00:00:00","8-2-2-12",,,,,,0,0,,,,,,,,,,,0,0,0,,,,,0,0,,,,,,,0,,,,,,,0,,,,,,,0,,,,,,,0,0,,,,,1,,0,,,,0,,,0,,,,,,,,0,,,,,,0,,,,,,,,0,,,,,0,,,,4,0,,,,1,0,0,0,0,0,0,0,0,0,0
"{C57021F7-3ABE-4AD8-A664E31F7753C276}","365380340","Pressure plate","Yugantha Perera",,,"1-3-1-15",,,,,,0,0,,,,,,,,,,,0,0,0,,,,,0,0,,,,,,,0,,,,,,,0,,,,,,,0,,,,,,,0,0,,,,,1,,0,,,,0,,,0,,,,,,,,0,,,,,,0,,,,,,,,0,,,,,0,,,,3,0,,,,1,0,0,0,0,0,0,0,0,0,0
"{C9E479A5-A273-44F5-AEC6E8980A591A06}","699568165","Pressure Plate","Yugantha Perera",,"08/25/03 00:00:00","5-2-2-17",,,,,,0,0,,,,,,,,,,,0,0,0,,,,,0,0,,,,,,,0,,,,,,,0,,,,,,,0,,,,,,,0,0,,,,,1,,0,,,,0,,,0,,,,,,,,0,,,,,,0,,,,,,,,0,,,,,0,,,,4,0,,,,1,0,0,0,0,0,0,0,0,0,0
"{D0CABA8B-2E61-4924-91E6CFF979C2CF81}","514723883","Pressure Plate","Yugantha Perera",,"09/08/03 00:00:00","2-1-2-30",,,,,,0,0,,,,,,,,,,,0,0,0,,,,,0,0,,,,,,,0,,,,,,,0,,,,,,,0,,,,,,,0,0,,,,,1,,0,,,,0,,,0,,,,,,,,0,,,,,,0,,,,,,,,0,,,,,0,,,,3,0,,,,1,0,0,0,0,0,0,0,0,0,0
"{D334B698-71E6-41FF-BBC2D7097ED9E200}","152411036","Pressure Plate","Yugantha Perera",,"08/14/03 00:00:00","7-1-1-30",,,,,,0,0,,,,,,,,,,,0,0,0,,,,,0,0,,,,,,,0,,,,,,,0,,,,,,,0,,,,,,,0,0,,,,,1,,0,,,,0,,,0,,,,,,,,0,,,,,,0,,,,,,,,0,,,,,0,,,,3,0,,,,1,0,0,0,0,0,0,0,0,0,0
"{D52A7DCA-4D0A-45F5-A2E51425E70369F6}","442379633","Pressure Plate","Yugantha Perera",,"08/15/03 00:00:00","6-3-1-19",,,,,,0,0,,,,,,,,,,,0,0,0,,,,,0,0,,,,,,,0,,,,,,,0,,,,,,,0,,,,,,,0,0,,,,,1,,0,,,,0,,,0,,,,,,,,0,,,,,,0,,,,,,,,0,,,,,0,,,,3,0,,,,1,0,0,0,0,0,0,0,0,0,0
"{D56AA106-C437-4022-A4F8A540BE6E8ED6}","500276247","Pressure Plate","Yugantha Perera",,"07/24/03 00:00:00","2-3-1-5.5",,,,,,0,0,,,,,,,,,,,0,0,0,,,,,0,0,,,,,,,0,,,,,,,0,,,,,,,0,,,,,,,0,0,,,,,1,,0,,,,0,,,0,,,,,,,,0,,,,,,0,,,,,,,,0,,,,,0,,,,3,0,,,,1,0,0,0,0,0,0,0,0,0,0
"{DDD5F986-46C9-4EE8-AE4853D87C6A73DF}","737639162","Pressure Plate","Yugantha Perera",,"07/24/03 00:00:00","2-3-1-13.5",,,,,,0,0,,,,,,,,,,,0,0,0,,,,,0,0,,,,,,,0,,,,,,,0,,,,,,,0,,,,,,,0,0,,,,,1,,0,,,,0,,,0,,,,,,,,0,,,,,,0,,,,,,,,0,,,,,0,,,,3,0,,,,1,0,0,0,0,0,0,0,0,0,0
"{E39EBE54-D429-465D-8D04960DDA22CB20}","435172080","Pressure Plate","Yugantha Perera",,"09/08/03 00:00:00","6-5-3-15",,,,,,0,0,,,,,,,,,,,0,0,0,,,,,0,0,,,,,,,0,,,,,,,0,,,,,,,0,,,,,,,0,0,,,,,1,,0,,,,0,,,0,,,,,,,,0,,,,,,0,,,,,,,,0,,,,,0,,,,3,0,,,,1,0,0,0,0,0,0,0,0,0,0
"{E6BDDC63-771E-4FA6-9121F533CF13666F}","764734321","Pressure Plate","Yugantha Perera",,"07/30/03 00:00:00","8-3-1-28",,,,,,0,0,,,,,,,,,,,0,0,0,,,,,0,0,,,,,,,0,,,,,,,0,,,,,,,0,,,,,,,0,0,,,,,1,,0,,,,0,,,0,,,,,,,,0,,,,,,0,,,,,,,,0,,,,,0,,,,3,0,,,,1,0,0,0,0,0,0,0,0,0,0
"{E932E3F6-6021-4679-93325B90EBCA481E}","819612185","Pressure Plate","Yugantha Perera",,"08/14/03 00:00:00","5-3-2-16.5",,,,,,0,0,,,,,,,,,,,0,0,0,,,,,0,0,,,,,,,0,,,,,,,0,,,,,,,0,,,,,,,0,0,,,,,1,,0,,,,0,,,0,,,,,,,,0,,,,,,0,,,,,,,,0,,,,,0,,,,3,0,,,,1,0,0,0,0,0,0,0,0,0,0
"{E94A3D88-A800-4803-A5767ABC41EBFD06}","752284473","Pressure plate","Yugantha Perea",,,"1-3-1-10",,,,,,0,0,,,,,,,,,,,0,0,0,,,,,0,0,,,,,,,0,,,,,,,0,,,,,,,0,,,,,,,0,0,,,,,1,,0,,,,0,,,0,,,,,,,,0,,,,,,0,,,,,,,,0,,,,,0,,,,3,0,,,,1,0,0,0,0,0,0,0,0,0,0
"{F7CED529-18C6-4308-A226313BB37D2B24}","285334269","Pressure Plate","Yugantha Perera",,"08/14/03 00:00:00","7-1-2-10.5",,,,,,0,0,,,,,,,,,,,0,0,0,,,,,0,0,,,,,,,0,,,,,,,0,,,,,,,0,,,,,,,0,0,,,,,1,,0,,,,0,,,0,,,,,,,,0,,,,,,0,,,,,,,,0,,,,,0,,,,3,0,,,,1,0,0,0,0,0,0,0,0,0,0
"{FCB0746E-9E7C-49D0-AE2E7DCDA09E7ABB}","824500348","Pressure Plate","Yugantha Perera",,"08/14/03 00:00:00","6-1-1-20",,,,,,0,0,,,,,,,,,,,0,0,0,,,,,0,0,,,,,,,0,,,,,,,0,,,,,,,0,,,,,,,0,0,,,,,1,,0,,,,0,,,0,,,,,,,,0,,,,,,0,,,,,,,,0,,,,,0,,,,3,0,,,,1,0,0,0,0,0,0,0,0,0,0
